Country,City,Starting_a_business_score,Dealing_with_construction_permits_score,Getting_Electricity_score,Registering_Property_score,Getting_Credit_score,Strength_of_minority_investors_protection_score,Paying_taxes_score,Trading_across_borders_score,Enforcing_contracts_score,Resolving_insolvency_score
Afghanistan,Kabul,92.0766162245117,24.29971181556196,60.059302765372195,33.33333333333333,,,,,,
Afghanistan,Kandahar,86.1942632833352,47.942363112391924,56.48008054672166,49.30887825624668,,,,,,
Afghanistan,Balkh,86.1942632833352,46.78962536023054,58.7087189939618,42.291334396597556,,,,,,
Afghanistan,Nangarhar,85.94300700192818,37.84053794428434,57.25944363164297,43.02232854864434,,,,,,
Afghanistan,Herat,85.94300700192818,32.388088376561,51.93260151977139,27.77777777777777,,,,,,
Albania,Durres,89.23311385398782,57.72539359651375,,74.40295122948665,,,,,62.166888469903846,
Albania,Shkodra,90.11787861747044,62.22454199576088,,74.88142012900819,,,,,62.94358261827406,
Albania,Vlora,90.22405038908835,60.39067921952246,,74.72193049583434,,,,,63.02554983138881,
Albania,Tirana,89.05616090129129,0,,73.44601343044359,,,,,60.539617486338805,
Austria,Bregenz,82.20787480787159,82.62939570795265,86.00107402985195,78.17490696438065,,,,,,
Austria,Graz,80.95159340083642,73.99603032883601,86.32115769224212,81.43115364167996,,,,,,
Austria,Innsbruck,82.20787480787159,78.46581959929318,91.340263526958,78.49388623072834,,,,,,
Austria,Klagenfurt,81.95661852646455,65.8966651140751,89.95773187424838,77.69643806485912,,,,,,
Austria,Linz,81.95661852646455,68.46761781009708,93.06671849767342,81.9096225412015,,,,,,
Austria,Salzburg,82.96164365209269,73.91143531126622,89.26678858913165,76.73950026581606,,,,,,
Austria,Vienna,81.70536224505751,71.52470410792277,88.74064709046479,81.5906432748538,,,,,,
Belgium,Antwerp,87.55791711298346,77.5767998347726,64.47584993731816,51.51267101329282,,,,,,
Belgium,Bruges,87.55791711298346,74.26386057283548,61.577299212680465,52.476059467100875,,,,,,
Belgium,Brussels,87.55791711298346,75.34890090432432,60.61649018046836,43.56726521330548,,,,,,
Belgium,Charleroi,87.55791711298346,74.68880176472241,67.88248176081093,46.123485789327106,,,,,,
Belgium,Ghent,87.55791711298346,70.17485104069104,68.09903834311525,52.46745859408088,,,,,,
Belgium,Liège,87.55791711298346,72.03777444874589,67.54272569728859,45.96399615615326,,,,,,
Belgium,Namur,87.55791711298346,73.72536480979493,67.88248176081093,45.482301929249225,,,,,,
Bosnia and Herzegovina,Banja Luka,77.70649482437629,53.37080501834138,,59.88950488508153,,,,,42.944697241398046,
Bosnia and Herzegovina,Mostar,67.47366626166843,27.17775102035313,,52.67756160468061,,,,,37.166808111179414,
Bosnia and Herzegovina,Sarajevo,67.55516647193245,35.873198847262245,,66.53813586382783,,,,,55.2424564390675,
Brazil,Aracaju,81.49001869439836,42.83033907697298,,54.4608104603627,,,42.38731300472365,,,
Brazil,Belém,84.68860625406526,39.32353703087799,,55.80655940604373,,,41.4303661066652,,,
Brazil,Belo Horizonte,82.03407291005792,57.742054166262015,,54.34110277125169,,,42.77391425386666,,,
Brazil,Boa Vista,76.94202687522866,64.87814272138301,,56.61644383950755,,,42.731732350272786,,,
Brazil,Brasília,75.9264318426308,42.93247187120119,,54.45404865141768,,,43.0872815733492,,,
Brazil,Campo Grande,77.83142478161567,63.14456623865317,,55.67082369179985,,,43.139851943590465,,,
Brazil,Cuiabá,77.98137977393498,43.49717117926161,,54.16816914814691,,,42.87449378821058,,,
Brazil,Curitiba,84.5376142105935,56.61685686128834,,51.64041966831436,,,43.243344535466264,,,
Brazil,Florianópolis,83.88596013171491,43.38517056381715,,56.951385836579334,,,42.99613473959235,,,
Brazil,Fortaleza,81.97720332425139,62.35209373443542,,55.47624693374726,,,42.55019988156263,,,
Brazil,Goiânia,72.15604513655497,56.947946932329444,,57.167584362846696,,,43.21620418446964,,,
Brazil,João Pessoa,79.09027304499455,56.163612073779795,,52.062786840980074,,,42.914336166814586,,,
Brazil,Macapá,79.46947904160298,41.56322255675012,,47.46470343610803,,,43.223740037174906,,,
Brazil,Maceió,82.82373978931415,44.06151367470394,,58.407202414400274,,,43.361522209868774,,,
Brazil,Manaus,79.51074423090742,46.04098229452575,,53.18816884611258,,,43.16050847138206,,,
Brazil,Natal,80.44044761764492,49.64034812000657,,47.865553283279034,,,43.056683667167995,,,
Brazil,Palmas,77.81043281503828,59.03674339889244,,56.514749155487344,,,42.87646643169052,,,
Brazil,Porto Alegre,83.03208655306437,42.06379667053843,,50.85073122058625,,,43.03008161455796,,,
Brazil,Porto Velho,82.21949135386589,40.64885587329812,,54.527814929331434,,,43.387470442517575,,,
Brazil,Recife,82.14148073975855,38.55838448802092,,52.13102062849128,,,42.55127462270918,,,
Brazil,Rio Branco,77.59300587867142,48.88172280768068,,49.43097766489543,,,42.53170462966143,,,
Brazil,Rio de Janeiro,83.17669525876046,56.28882435720947,,57.649342136933,,,42.29447146002044,,,
Brazil,Salvador,79.64354727844137,48.69725384616896,,50.867868705906155,,,41.60603035071865,,,
Brazil,São Luís,83.39255558829497,36.012913223885164,,52.464543562400685,,,43.06496187203064,,,
Brazil,São Paulo,81.69362384969128,47.37002738552227,,69.45615100029224,,,42.661512137118734,,,
Brazil,Teresina,84.45460564865314,50.406943415214606,,51.80140504389345,,,42.456816268931995,,,
Brazil,Vitória,82.5331505860147,41.11069937250546,,55.402045108463284,,,43.986330988050234,,,
Bulgaria,Pleven,90.49722636393608,66.99822094449756,47.87544160631865,71.70370313990315,,,,,,
Bulgaria,Ruse,88.33247756285306,66.22692954228032,56.27436964815532,73.15007431657975,,,,,,
Bulgaria,Sofia,86.82493987441084,68.10950835483902,47.84781619093451,71.2020957342723,,,,,,
Bulgaria,Burgas,90.0543220795542,63.41873949442425,58.15842761916982,72.00108528592726,,,,,,
Bulgaria,Varna,90.55683464236827,65.1559537098605,62.071471097430695,71.36458960987336,,,,,,
Bulgaria,Plovdiv,90.0543220795542,62.17437229593472,57.578717474242275,71.68210601957956,,,,,,
Colombia,Barranquilla,67.09422213098995,,,52.63637255862012,,,26.38482116754862,,,
Colombia,Bogotá,72.53872460120127,,,68.74605740716,,,23.701821138059568,,,
Colombia,Bucaramanga,68.52381966537978,,,57.699823366929515,,,30.021121036584805,,,
Colombia,Cali,70.11763983398517,,,60.71758544093071,,,26.194625956535926,,,
Colombia,Cartagena,64.6084803530633,,,54.79683608879103,,,26.07921724858704,,,
Colombia,Cúcuta,68.53816951926075,,,57.25590248824896,,,29.027401099787983,,,
Colombia,Manizales,63.64630702146559,,,64.32447867292422,,,29.440963695673556,,,
Colombia,Medellín,67.66217632968663,,,60.120954229373865,,,26.119163784932073,,,
Colombia,Neiva,59.36779336427,,,54.437433080100924,,,27.12807409993401,,,
Colombia,Pereira,74.01503809268232,,,60.1823556381002,,,34.8492034035208,,,
Colombia,Popayán,58.557459955821685,,,59.82006899286099,,,26.905677682695654,,,
Colombia,Santa Marta,66.50750941034059,,,62.76285491840566,,,24.370618642368413,,,
Colombia,Villavicencio,74.37410122807829,,,60.71360142966616,,,27.59465239686237,,,
Colombia,Barranquilla-port,,,,,,,,74.1776427964685,,
Colombia,Bogota-port,,,,,,,,67.43780509364417,,
Colombia,Bucaramanga-port,,,,,,,,68.53241790198292,,
Colombia,Cali-port,,,,,,,,70.94090244367196,,
Colombia,Cartagena-port,,,,,,,,74.14806813459747,,
Colombia,Cúcuta-port,,,,,,,,66.89074491001055,,
Colombia,Manizales-port,,,,,,,,68.91356167517311,,
Colombia,Medellín-port,,,,,,,,68.9242949758388,,
Colombia,Neiva-port,,,,,,,,67.4082541343024,,
Colombia,Pereira-port,,,,,,,,69.82439552994423,,
Colombia,Popayán-port,,,,,,,,68.1496351593526,,
Colombia,Santa Marta-port,,,,,,,,75.2024786289819,,
Colombia,Villavicencio-port,,,,,,,,66.3486342833309,,
Colombia,Barranquilla,82.23147387242304,,,55.014287786083536,,,57.24802675054735,,42.382287029873275,
Colombia,Bogotá,81.55338806054957,,,75.7599843014893,,,54.822867019577636,,33.439960629921195,
Colombia,Manizales,84.06363528306287,,,68.87640152295616,,,56.11418156703723,,66.02816048912636,
Colombia,Medellín,83.39713848594145,,,66.46927087274675,,,53.55457090998619,,53.759420675562865,
Colombia,Santa Marta,84.01576347445155,,,63.72731616560884,,,56.898795133077876,,66.8893578167909,
Colombia,Cartagena,76.20680155736599,,,58.03649558643274,,,57.05924125156309,,37.46789414949075,
Colombia,Cúcuta,81.27170185276746,,,57.92467617747655,,,58.32532295202224,,51.41935604798223,
Colombia,Ibagué,80.84952135740733,,,74.10515265524232,,,63.20306153598252,,64.36373313705985,
Colombia,Valledupar,73.20785282891507,,,65.43923718862396,,,60.340595905079546,,65.68028005365339,
Colombia,Dosquebradas,72.78333463836225,,,62.12860436019354,,,63.0945022533127,,,
Colombia,Montería,72.65697845135728,,,60.79760116032096,,,62.22803438899107,,63.59400684331316,
Colombia,Pasto,79.0998803675165,,,62.10518633865971,,,54.891757866309,,43.46253998849752,
Colombia,Pereira,85.27760481439674,,,65.03215892470969,,,56.14215724875183,,64.9449407014581,
Colombia,Riohacha,74.08349259961018,,,69.39965808254983,,,58.51180713348841,,48.62128880028183,
Colombia,Sincelejo,77.62938925545998,,,65.59157692506021,,,63.6559098804285,,66.13719385379467,
Colombia,Villavicencio,81.92588778214147,,,62.04548446212527,,,62.09103357934854,,61.6883384994361,
Colombia,Armenia,85.16305726387355,,,63.66256928661085,,,56.960588715106475,,68.3158938659014,
Colombia,Neiva,84.17634924531203,,,62.089130494270044,,,58.82571733280653,,46.13806408176472,
Colombia,Popayán,75.06929587784991,,,63.25357524587616,,,61.4770709850726,,49.421402070051194,
Colombia,Tunja,68.70393009223463,,,67.67649002652149,,,60.107995919118075,,55.21500416854071,
Colombia,Bucaramanga,76.44964707526421,,,58.02536663043504,,,61.3740891886224,,53.62432526127558,
Colombia,Cali,80.34419344704457,,,63.64109132652047,,,54.117027748269415,,40.32448324664541,
Colombia,Palmira,83.76082687079759,,,60.54370309817754,,,51.71507989543624,,,
Colombia,Barranquilla-port,,,,,,,,72.18572396096,,
Colombia,Buenaventura-port,,,,,,,,67.81030021346119,,
Colombia,Cartagena-port,,,,,,,,71.68928268993797,,
Colombia,Santa Marta-port,,,,,,,,73.59178808726742,,
Colombia,Manizales,86.38196544284133,73.57525258576625,,74.91253915338073,,,66.4650149129193,,,
Colombia,Pereira,86.36190646655231,69.21948230471322,,63.99266736586242,,,59.63599425865693,,,
Colombia,Barranquilla,84.3588768569972,60.510581424336266,,58.24451143811234,,,61.34808293117277,,,
Colombia,Bogotá,86.12368851973315,67.85341021510057,,73.56810726597462,,,61.602391637996455,,,
Colombia,Medellín,86.23160712669551,65.27137392128384,,64.21730475491222,,,64.58854037779994,,,
Colombia,Montería,77.31267263476003,73.64354926718566,,60.85145697606114,,,66.30656045545904,,,
Colombia,Puerto Carreño,70.49537817463792,71.13165813252984,,60.41699998305188,,,57.567270486159465,,,
Colombia,San José del Guaviare,76.13826132775682,75.88086875964522,,62.24717575015752,,,65.11853228879659,,,
Colombia,Santa Marta,86.36331059489255,70.21653716536444,,64.27568212836529,,,59.61998971015422,,,
Colombia,Cartagena,85.36991967551204,65.74955742891763,,58.79936983925857,,,61.066607283470425,,,
Colombia,Cúcuta,81.5980318977746,65.13446618670103,,60.99330167947502,,,63.21203682683703,,,
Colombia,Valledupar,73.03958484262793,64.53604259367323,,71.96269075250065,,,61.48013243139919,,,
Colombia,Yopal,77.45597897611273,71.11622344076878,,64.79162817766468,,,67.35219650208126,,,
Colombia,Florencia,75.00107771433876,67.60891790307866,,55.972212315531785,,,60.51398365084444,,,
Colombia,Inírida,68.64651858330957,76.37424367838999,,60.021510799045224,,,63.08037530623266,,,
Colombia,Pasto,81.40436116717677,56.67913553750091,,65.33298505077948,,,58.900495620404264,,,
Colombia,Cali,86.34977078589748,52.568599443077765,,60.88805512346312,,,58.2810460742596,,,
Colombia,Popayán,77.68584655522785,61.652134201483385,,63.46594550480089,,,65.66103800526213,,,
Colombia,Quibdó,86.00253230294757,65.80170014975171,,64.8733701102524,,,64.49364796652233,,,
Colombia,Riohacha,75.97935718487594,66.20831432602688,,69.64385968312443,,,62.44687275572418,,,
Colombia,Villavicencio,83.98594375037872,59.25545353679698,,62.72192326850086,,,66.35255959210633,,,
Colombia,Arauca,77.57794871993167,68.42869029133527,,61.221129391525245,,,59.17493429102808,,,
Colombia,Armenia,86.73124240113965,55.86905274465939,,63.91406147245191,,,60.91893928082978,,,
Colombia,Mitú,71.08845384711798,67.57440906901637,,61.50312448849447,,,66.08086510259255,,,
Colombia,Neiva,84.74558456918628,65.40658433404992,,62.148210583165515,,,63.588424423781966,,,
Colombia,Sincelejo,84.85928322730092,65.71511473353856,,59.92316967308711,,,60.53854261020194,,,
Colombia,Tunja,71.96270764510882,60.57858984710882,,67.74273539074564,,,64.18655869095979,,,
Colombia,Ibagué,84.915389002805,42.60136892252409,,74.53164527159191,,,64.811350104779,,,
Colombia,Leticia,75.82575475511916,54.67904895471687,,60.2316299749109,,,65.45834731769627,,,
Colombia,San Andrés,76.67496338969958,57.09953394492849,,61.9287111894158,,,68.91633299238957,,,
Colombia,Bucaramanga,86.4392472331368,56.52201003172584,,58.270731160994195,,,65.40877575044942,,,
Colombia,Mocoa,72.90956142214952,63.15505020740267,,57.46101111052001,,,59.16079454652927,,,
Colombia,Cartagena-port,,,,,,,,70.30501748237113,,
Colombia,Barranquilla-port,,,,,,,,72.25014019174483,,
Colombia,Buenaventura-port,,,,,,,,69.15619924267891,,
Colombia,Santa Marta-port,,,,,,,,72.38479507491962,,
Colombia,Manizales,85.80374487271699,72.04681213040384,,78.16606553037231,,,67.08975100758896,,,
Colombia,Barranquilla,85.53141718083856,61.042885767578525,,64.30806064297549,,,62.11953290249335,,,
Colombia,Pereira,86.06069197301048,69.61259242636972,,77.2743577165865,,,63.38152810130717,,,
Colombia,Bogotá,85.31399820091846,66.7206611070887,,76.75982229065731,,,62.71916710900836,,,
Colombia,Medellín,85.67403168749073,65.19520106181315,,73.79729577761618,,,65.3387812949319,,,
Colombia,Montería,80.27696905663336,71.90172244275135,,76.55665436730419,,,65.24520053481037,,,
Colombia,Puerto Carreño,70.51633733811202,71.02938370208824,,67.35913190890511,,,65.25299423821227,,,
Colombia,San José del Guaviare,76.40580346874809,75.0278990871113,,68.86024148617929,,,62.69306729333241,,,
Colombia,Santa Marta,77.11253293751665,68.54397004617029,,70.88613202685218,,,60.56238835815734,,,
Colombia,Tunja,72.24511630685595,67.07698732942835,,69.97337967409831,,,65.01125285590636,,,
Colombia,Valledupar,80.0100318679756,68.98501066411076,,77.92683108061154,,,62.19918608672833,,,
Colombia,Cartagena,84.55253906090486,62.32236961665648,,68.64915985621953,,,61.881710553901335,,,
Colombia,Cúcuta,85.84863848134246,66.52071537980362,,70.31759793636336,,,67.17126014773517,,,
Colombia,Pasto,80.58618888971219,55.85433229449907,,68.65672918198004,,,59.55323207587143,,,
Colombia,Sincelejo,84.79456698736092,69.59092955182255,,66.23528061881437,,,61.36094536088075,,,
Colombia,Yopal,78.63364567927043,69.10692704946308,,77.28887254791617,,,61.70352595072433,,,
Colombia,Florencia,74.17453973458164,66.07569334976326,,62.35663257985819,,,67.82128498860793,,,
Colombia,Inírida,68.76432031015729,75.56628791250917,,66.74480768396009,,,65.74020405823573,,,
Colombia,Neiva,83.63178827091619,68.12858599955774,,72.52509923754475,,,64.18884610176518,,,
Colombia,Armenia,85.92920629046455,55.7059564550979,,72.69938372538665,,,67.94193268334712,,,
Colombia,Leticia,75.05031724598992,65.28965085116376,,66.94575079423836,,,66.38466611924382,,,
Colombia,Popayán,77.84658938971157,60.05684778021051,,72.81691171589989,,,66.16371179939271,,,
Colombia,Riohacha,75.16755338721151,65.28445227072503,,73.30016160053951,,,62.516628821850524,,,
Colombia,Villavicencio,83.14877311208971,58.16922863793806,,72.23228261301072,,,67.13753666687275,,,
Colombia,Arauca,81.75826594380996,67.2658273771625,,67.81525474367643,,,59.655387994333374,,,
Colombia,Cali,85.53001530485,45.345196246235616,,67.31343271323516,,,62.303975955956844,,,
Colombia,Mitú,70.28424427205888,66.80018026361806,,68.65120215699346,,,66.80424296196668,,,
Colombia,Quibdó,85.22171465140869,60.97852387388246,,71.21057427384264,,,67.24387166851294,,,
Colombia,Ibagué,83.82618370304918,41.38585336869128,,74.4686380484109,,,65.64209123628103,,,
Colombia,San Andrés,77.59049305822482,54.83218000081242,,68.26683894815953,,,69.68204775607451,,,
Colombia,Bucaramanga,82.18440094288466,54.72251641632882,,70.51662475076267,,,66.13446506470098,,,
Colombia,Mocoa,72.11967928328694,62.18244733213678,,61.63464658814947,,,59.62601303113683,,,
Costa Rica,San José,80.89811632139724,78.14364144340733,,78.40193918288067,,,,,,
Costa Rica,Puerto Limón-port,,,,,,,,80.8410021887326,,
Croatia,Varazdin,85.3772180484376,61.596818175158326,87.38191605446148,72.64580738043003,,,,,,
Croatia,Osijek,85.50127983426202,54.803679233784884,88.10655373562092,75.03815187803768,,,,,,
Croatia,Rijeka,87.58591157916187,54.79591517947762,85.497858083447,73.92172444582077,,,,,,
Croatia,Zagreb,82.49012034457533,46.36657568055957,86.40459890309434,72.64580738043003,,,,,,
Croatia,Split,89.55415667714486,31.554623465381272,85.20800301098323,68.65856655108394,,,,,,
Czech Republic,Brno,84.55210825860179,59.42698171327845,86.56004955138782,79.01804831309575,,,,,,
Czech Republic,Ostrava,85.3058771028229,58.07419807917802,59.84894271173082,79.17753794626958,,,,,,
Czech Republic,Usti nad Labem,85.55713338422993,58.53865962942094,56.93521999714005,79.01804831309575,,,,,,
Czech Republic,Liberec,84.55210825860179,57.78763736460241,59.2540605768502,78.8585586799219,,,,,,
Czech Republic,Olomouc,85.55713338422993,54.81957177552308,60.286806457244175,78.8585586799219,,,,,,
Czech Republic,Plzen,84.55210825860179,56.060511467171715,59.56084828887716,78.5395794135742,,,,,,
Czech Republic,Prague,83.54708313297365,57.12114920160906,93.80642636298204,78.5395794135742,,,,,,
Denmark,Aalborg,92.10597009468835,85.88920950851139,78.00713511200532,92.61368547212635,,,,,,
Denmark,Århus,92.10597009468835,87.36134613672381,80.47090322794735,92.61368547212635,,,,,,
Denmark,Copenhagen,92.10597009468835,81.87094351683139,75.55214326433331,92.61368547212635,,,,,,
Denmark,Kolding,92.10597009468835,87.08741500027531,77.28249743084591,92.61368547212635,,,,,,
Denmark,Næstved,92.10597009468835,88.89002472932255,76.99264235838213,92.61368547212635,,,,,,
Denmark,Odense,92.10597009468835,82.77611590299254,80.03612061925169,92.61368547212635,,,,,,
Dominican Republic,Dajabón,80.23121273011785,70.24201096374223,,66.99817719721634,,,,,,
Dominican Republic,Santo Domingo,81.60112238735061,70.8843458192165,,69.89927488343261,,,,,,
Dominican Republic,Puerto Caucedo-port,,,,,,,,85.55687276281428,,
Dominican Republic,Higüey,80.28032240299379,73.85931713082442,,66.81397007016274,,,,,,
Dominican Republic,Santiago de los Caballeros,80.8903659280106,58.80283037716968,,61.91936053580687,,,,,,
Dominican Republic,Puerto Plata-port,,,,,,,,85.03778402042458,,
"Egypt, Arab Rep. ",Suez,86.0959227066283,77.3667979700741,,70.99928849128588,,,,,48.71745668061984,
"Egypt, Arab Rep. ",Mansoura,87.79991639089792,76.95905757126707,,77.28583819888823,,,,,43.11636378444498,
"Egypt, Arab Rep. ",Assuit,86.36370753658305,68.04143165899791,,70.83979885811203,,,,,45.25129159060035,
"Egypt, Arab Rep. ",Port Said,85.84466642522128,67.0448889900015,,78.08328636475744,,,,,47.80954762826777,
"Egypt, Arab Rep. ",Kharga,85.83474929609264,69.58171612638972,,77.28782912945627,,,,,46.89527666623639,
"Egypt, Arab Rep. ",Sohag,86.07807187419675,69.31864829921996,,79.02611980237312,,,,,48.01009486665455,
"Egypt, Arab Rep. ",Tanta,87.55828633616508,71.89942330815349,,72.63901214932476,,,,,49.52902824354215,
"Egypt, Arab Rep. ",Zagazig,87.55828633616508,68.41806026970058,,72.96786446867162,,,,,41.613631544007816,
"Egypt, Arab Rep. ",Damietta,87.53490835709918,71.98158020357137,,58.39960747055223,,,,,52.485889315065116,
"Egypt, Arab Rep. ",Alexandria,88.0855520532842,57.354969105291595,,73.9365559022375,,,,,46.398832574206914,
"Egypt, Arab Rep. ",Aswan,85.75546515441894,57.294325275530724,,69.24490252637361,,,,,51.31578528532879,
"Egypt, Arab Rep. ",Giza,88.0855520532842,67.34667532298346,,71.54421140462985,,,,,49.67374083362531,
"Egypt, Arab Rep. ",Ismailia,86.36370753658305,71.37662841730652,,73.61757663588982,,,,,54.390036542563315,
"Egypt, Arab Rep. ",Cairo,88.0855520532842,61.70192649204872,,69.08541289319976,,,,,44.02178339387905,
"Egypt, Arab Rep. ",Fayoum,87.79991639089792,59.16489268125423,,76.32890039984515,,,,,51.93944122763342,
"Egypt, Arab Rep. ",Alexandria-port,,,,,,,,72.24569736817521,,
"Egypt, Arab Rep. ",Damietta-port,,,,,,,,72.47397128422409,,
"Egypt, Arab Rep. ",Port Said East-port,,,,,,,,71.38223766955211,,
"Egypt, Arab Rep. ",Port Said West-port,,,,,,,,72.396143164159,,
"Egypt, Arab Rep. ",Sokhna-port,,,,,,,,70.38184050817408,,
El Salvador,Santa Ana,66.19306510300439,71.30318800455865,,73.3862289126855,,,,,,
El Salvador,Soyapango,80.77808705222776,61.580565525939654,,72.20372543204158,,,,,,
El Salvador,San Miguel,69.1735282603572,65.1871147766423,,73.71015953247444,,,,,,
El Salvador,San Salvador,79.87012956979403,57.19183715159866,,75.64979572925924,,,,,,
El Salvador,Puerto de Acajutla-port,,,,,,,,76.00849207608556,,
Finland,Helsinki,88.6579412097379,71.41352316680603,81.26326805779283,73.48705834798223,,,,,,
Finland,Mariehamn,79.74649661155684,85.14979857043166,87.48020214871413,50.1502947968331,,,,,,
Finland,Oulu ,88.6579412097379,79.53835060252958,82.8910500553683,73.48705834798223,,,,,,
Finland,Tampere ,88.6579412097379,70.99335957354178,86.48246088166128,73.48705834798223,,,,,,
Finland,Turku ,88.6579412097379,67.18080046670661,81.70534121301773,73.48705834798223,,,,,,
Finland,Vaasa ,88.6579412097379,82.25992868765944,83.1131881676895,73.48705834798223,,,,,,
Greece,Patra,95.99597642765916,65.44866217732512,84.14903368032567,57.577230488370084,,,,,,
Greece,Athens,95.99597642765916,66.03688683943766,83.82580699911006,57.47878050672881,,,,,,
Greece,Heraklion,95.99597642765916,60.87825788295419,81.10555541945611,42.814550119172225,,,,,,
Greece,Thessaloniki,95.99597642765916,69.06243871481348,79.22149744844161,43.45731138537398,,,,,,
Greece,Alexandroupoli,96.2472327090662,68.04161847306096,84.72874382525322,56.36313443028843,,,,,,
Greece,Larissa,95.99597642765916,74.46316734198386,83.42439599916626,56.68211369663613,,,,,,
Guatemala,Ciudad de Guatemala,83.72472772391437,66.17944269115647,,74.07466892101162,,,,,,
Guatemala,Puerto Quetzal-port,,,,,,,,72.79427595452945,,
Guatemala,Quetzaltenango,70.33509095546802,60.371641833527256,,74.27668907658907,,,,,,
Guatemala,Escuintla,77.54762420997584,42.91064289052164,,74.07466892101162,,,,,,
Guatemala,Cobán,71.60867874035223,51.27876565435384,,73.91517928783777,,,,,,
Guatemala,Puerto Santo Tomás de Castilla-port,,,,,,,,70.09787284964095,,
Honduras,San Pedro Sula,67.38376071429512,82.64558418701039,,71.51315194433376,,,,,,
Honduras,Choluteca,66.6553123874841,52.970669462257945,,65.26226076837953,,,,,,
Honduras,Puerto Cortés,68.03807095517755,82.01763820562608,,71.84239637140622,,,,,,
Honduras,Tegucigalpa,74.83684619049123,69.36941765643381,,70.08837788798077,,,,,,
Honduras,Puerto Cortés-port,,,,,,,,76.49708097896286,,
Honduras,Puerto Castilla-port,,,,,,,,71.14573898124469,,
Hungary,Pecs,87.60583322333035,71.88190690692528,57.77788775053485,77.73050976210452,,,,,,
Hungary,Debrecen,87.60583322333035,68.06238274667804,55.31411963459282,79.32540609384296,,,,,,
Hungary,Gyor,87.31665594537336,68.91764053993559,55.16919209836093,78.84693719432141,,,,,,
Hungary,Miskolc,87.60583322333035,69.07387137054987,57.343105141839196,79.00642682749526,,,,,,
Hungary,Szeged,87.56791222678038,70.28463430390578,56.61846746067977,78.84693719432141,,,,,,
Hungary,Szekesfehervar,87.31665594537336,69.37520175406088,58.21267035923049,79.00642682749526,,,,,,
Hungary,Budapest,87.27873494882338,61.63671855679845,55.16919209836093,77.88999939527837,,,,,,
India,Ahmedabad,67.89352765336902,73.0658263494688,,66.87705397089074,,,33.74857208044977,,30.322003186499757,
India,Bengaluru,64.33625718702012,59.15842578928798,,64.03395209248444,,,33.63501546843306,,36.1887353723701,
India,Hyderabad,70.45608858760829,57.215453140871894,,59.81609135332237,,,34.77614790371489,,49.57178585603912,
India,Chennai,68.9033024348229,58.10139547142419,,53.30978801958588,,,31.512635147932087,,43.82210570380577,
India,Guwahati,67.86386719972518,75.63807743121818,,45.09569377990431,,,34.36046032422493,,52.44192802517213,
India,Bhubaneshwar,69.65902021051369,74.97965302159525,,49.4577822995013,,,32.86860923955654,,47.74176046509505,
India,Ludhiana,69.65418342779546,73.88246748313405,,57.523410262698754,,,37.09543454576349,,46.21252486488862,
India,Noida,69.84841397020685,77.04599991869175,,49.81392876129718,,,36.53212151686486,,41.75930986673321,
India,Gurgaon,69.32504325026034,79.94240146708064,,70.62055843870787,,,34.07020309828207,,33.75555918175831,
India,Jaipur,70.47087525098394,71.35961963186121,,63.31918524324866,,,37.632416573380944,,42.09448880531975,
India,New Delhi,72.24331231230164,71.03273002419749,,63.69845282533655,,,34.89740671975071,,40.02260424517936,
India,Patna,71.30465117658785,75.12172596283145,,47.54681124576002,,,26.654537530461734,,49.272601687731274,
India,Ranchi,67.96702760653247,68.31170772733846,,68.02614934902044,,,34.41710274736855,,38.876093182639764,
India,Indore,68.96746012482883,67.12820215661884,,59.08259162865732,,,34.47120402328243,,40.379516309300236,
India,Kochi,66.28275963651805,64.46155085022319,,54.186602870813395,,,33.57579509228278,,46.691289902943026,
India,Kolkata,68.48307491639261,23.44284341978867,,54.34361370335213,,,31.532089979617098,,34.88268966251282,
India,Mumbai,66.08192338743365,15.85014409221902,,65.52518229422773,,,35.74361888568174,,25.821850393700785,
India,Ahmedabad-port,,,,,,,,68.58143857095112,,
India,Bengaluru-port,,,,,,,,64.37606211634295,,
India,Bhubaneshwar-port,,,,,,,,69.95434169306053,,
India,Chennai-port,,,,,,,,68.14540997788632,,
India,Gurgaon-port,,,,,,,,62.030088489676764,,
India,Guwahati-port,,,,,,,,65.54482103206261,,
India,Hyderabad-port,,,,,,,,63.55897600888761,,
India,Indore-port,,,,,,,,62.73591126549277,,
India,Jaipur-port,,,,,,,,63.32203828609598,,
India,Kochi-port,,,,,,,,67.29513172274753,,
India,Kolkata-port,,,,,,,,65.93379273926361,,
India,Ludhiana-port,,,,,,,,64.21048431181968,,
India,Mumbai-port,,,,,,,,67.83172951723462,,
India,New Delhi-port,,,,,,,,62.10693435080241,,
India,Noida-port,,,,,,,,62.28881652183882,,
India,Patna-port,,,,,,,,64.11987144382617,,
India,Ranchi-port,,,,,,,,64.10226390626322,,
Indonesia,Yogyakarta,73.33528894255376,91.8394333783764,,56.230596770899524,,,,,,
Indonesia,Balikpapan,69.90834499387839,91.453772865492,,55.69905110345743,,,,,,
Indonesia,Makassar,68.16466439384376,92.00819788144103,,56.01777104039295,,,,,,
Indonesia,Semarang,68.12491490133709,87.9223222764425,,52.389468328825394,,,,,,
Indonesia,Bandung,70.61865310310147,87.09170387517536,,59.41961144613992,,,,,,
Indonesia,Palembang,68.8488280636029,87.6698775870447,,58.676018036427735,,,,,,
Indonesia,Pekanbaru,64.87018126936368,84.52372457570499,,57.506254506878115,,,,,,
Indonesia,Denpasar,69.65018047011554,82.6292045246708,,55.911358175139675,,,,,,
Indonesia,Banda Aceh,69.76680315857823,75.0267917490854,,55.911358175139675,,,,,,
Indonesia,Jakarta,66.53409132546282,73.56413670530549,,58.94114254661839,,,,,,
Indonesia,Palangka Raya ,73.10096327471061,80.36919055119914,,59.632955835470796,,,,,,
Indonesia,Surabaya,68.22185874254124,66.18859929458847,,56.017511710980806,,,,,,
Indonesia,Surakarta,72.59845071189655,78.59941268143682,,53.41286014169089,,,,,,
Indonesia,Manado,65.69242023617903,76.79793169304213,,60.16450150291289,,,,,,
Indonesia,Medan,70.05803793110535,92.06439344732497,,56.180962743307184,,,,,,
Indonesia,Yogyakarta,77.32240279180697,93.56925138420327,,56.34045237648103,,,,,,
Indonesia,Balikpapan,76.60325466633863,92.80390088148106,,55.861983476959495,,,,,,
Indonesia,Makassar,72.4387761010963,90.5967635026942,,56.021473110133336,,,,,,
Indonesia,Batam,72.8205230911665,90.08855575050887,,45.21908699870568,,,,,,
Indonesia,Palembang,73.0625484695956,91.40102830125322,,58.73279687408868,,,,,,
Indonesia,Banda Aceh,75.75449472875998,90.97516629856763,,55.861983476959495,,,,,,
Indonesia,Bandung,74.87415190527588,90.4763221616323,,59.05177614043637,,,,,,
Indonesia,Jambi,70.39818535003515,89.62700136295875,,56.180962743307184,,,,,,
Indonesia,Mataram,74.86782495113201,87.28839152031843,,58.094838341393306,,,,,,
Indonesia,Pekanbaru,73.37496724096073,87.10478790223686,,57.45605199517106,,,,,,
Indonesia,Semarang,75.94754537155886,88.96770757180688,,52.44624716648634,,,,,,
Indonesia,Palangka Raya ,77.3900028229408,86.74319594695162,,59.35860926238305,,,,,,
Indonesia,Pontianak,71.20150465317623,89.21298258537745,,56.021473110133336,,,,,,
Indonesia,Surabaya,74.47687513706536,82.37071287880029,,55.98615550599025,,,,,,
Indonesia,Surakarta,77.07374830367287,87.67672634838335,,53.469638979351835,,,,,,
Indonesia,Denpasar,76.26856642009633,84.59090055708167,,55.861983476959495,,,,,,
Indonesia,Jakarta,73.37642554030403,74.53783471019987,,58.738869946289185,,,,,,
Indonesia,Manado,70.11433745759615,78.27933093172878,,59.87846883824816,,,,,,
Indonesia,Gorontalo,75.89496821943125,0,,57.137900542350245,,,,,,
Ireland,Dublin ,94.4037841713919,73.21246448619966,78.9436687431984,69.50841051260618,,,,,,
Ireland,Galway,94.90629673420598,75.89112606937282,78.60195288448612,69.02525350998702,,,,,,
Ireland,Limerick,93.90127160857784,76.03481494950721,78.60110286642337,68.7084051995928,,,,,,
Ireland,Waterford,93.90127160857784,78.5364493715556,79.32801120864737,66.31009402531548,,,,,,
Ireland,Cork,93.90127160857784,70.27159848165805,78.89220258000594,67.10754219118469,,,,,,
Italy,Bologna,87.81401681010024,70.90574639149457,85.6468583124227,78.91186734435563,,,,,,
Italy,Milan,89.78711760820843,52.18819701825277,77.20268163798873,78.91186734435563,,,,,,
Italy,Ancona,89.78711760820843,67.3772003546094,69.84975686314733,78.91186734435563,,,,,,
Italy,Cagiliari ,87.5627605286932,72.82191366583355,77.82077135590094,78.43339844483408,,,,,,
Italy,Florence,89.03334876398732,67.84537100761536,80.86424961677052,79.39033624387714,,,,,,
Italy,Genoa,87.81401681010024,64.33114157314743,73.32801773271255,78.59288807800793,,,,,,
Italy,Padua,89.54437634789295,71.37099088453677,71.58888729792994,77.95492954531255,,,,,,
Italy,Reggio Calabria,87.5627605286932,56.953409399584494,80.86424961677052,79.2308466107033,,,,,,
Italy,Rome,86.80899168447209,66.65821329717866,85.61181707336276,79.54982587705099,,,,,,
Italy,Turin,89.28460504539436,64.42294887891715,87.54084588919646,78.1144191784864,,,,,,
Italy,Bari,87.5627605286932,53.25389298144753,79.2700467182198,77.95492954531255,,,,,,
Italy,Naples,87.5627605286932,56.15331500160812,80.28453947184299,78.91186734435563,,,,,,
Italy,Palermo,87.81401681010024,57.57903205376298,63.03816266024878,79.2308466107033,,,,,,
Kazakhstan,Aktobe,89.93505731572515,69.43296921658691,71.3339006153352,93.76968472086872,,,,,,
Kazakhstan,Almaty city,91.94004173063584,70.075043683839,69.01882880192677,93.92917435404257,,,,,,
Kazakhstan,Nur-Sultan,92.06784492059077,65.2413814169412,55.249085885144005,93.76968472086872,,,,,,
Kazakhstan,Karagandy,91.94318982823657,67.55108349063762,63.17907132336003,93.92917435404257,,,,,,
Kazakhstan,Kostanay,90.13687899100096,66.73916904053704,69.7668513060877,93.92917435404257,,,,,,
Kazakhstan,Oskemen,90.10200379339871,62.49725081212853,62.48741034734062,93.92917435404257,,,,,,
Kazakhstan,Pavlodar,91.94207368454177,65.56672628267431,62.894699433964625,93.92917435404257,,,,,,
Kazakhstan,Shymkent,91.94805506998316,59.809620301265205,69.61250185410154,93.92917435404257,,,,,,
Kazakhstan,Almaty city,94.4272822493059,73.06940032553241,75.49047855994378,91.0318134076396,,,,,,
Kazakhstan,Aktau,94.42239518826072,72.4873540076104,74.73446715355607,90.87232377446576,,,,,,
Kazakhstan,Aktobe,94.4355902530827,70.55963174725834,77.51624624921804,91.0318134076396,,,,,,
Kazakhstan,Atyrau,94.42703789625364,69.60047092366916,76.64265875936157,91.0318134076396,,,,,,
Kazakhstan,Karagandy,94.4309475450898,70.4945767522101,69.64185011395233,91.0318134076396,,,,,,
Kazakhstan,Kokshetau,92.4620620925549,72.54314631239792,74.88743923471829,91.0318134076396,,,,,,
Kazakhstan,Kostanay,94.43461284087365,71.09960653432303,76.24822460280346,91.0318134076396,,,,,,
Kazakhstan,Kyzylorda,94.42825966151494,72.75942156993189,74.52304639416305,91.0318134076396,,,,,,
Kazakhstan,Nur-Sultan,94.55755309800233,70.84122626770842,62.01230786681011,90.87232377446576,,,,,,
Kazakhstan,Oral,94.4355902530827,68.11406768433011,76.67290624829961,91.0318134076396,,,,,,
Kazakhstan,Oskemen,92.62577863756835,69.25029858642579,69.81734692091948,91.0318134076396,,,,,,
Kazakhstan,Pavlodar,94.4355902530827,70.07047474665463,69.96561800260939,91.0318134076396,,,,,,
Kazakhstan,Petropavl,92.63310922913611,69.61387038499389,79.1112536022618,91.0318134076396,,,,,,
Kazakhstan,Shymkent,94.43314672256011,67.89476724490724,76.39315213903535,91.0318134076396,,,,,,
Kazakhstan,Taldykorgan,91.13955180692966,72.42758981228485,75.78033363240756,90.87232377446576,,,,,,
Kazakhstan,Taraz,91.09410213920953,71.41383918993805,74.78286015062396,91.0318134076396,,,,,,
Kenya,Kisumu,58.88751743098764,89.48806822071587,,61.56023391812865,,,,,55.432830325501385,
Kenya,Malaba,58.91778039222913,92.7620230028313,,63.1812865497076,,,,,56.98195983188515,
Kenya,Nairobi,70.84667792585955,83.14659129008442,,56.89452418926103,,,,,53.14432496661512,
Kenya,Thika,66.63616735422733,87.29520382465877,,58.414885699096224,,,,,55.25124303824526,
Kenya,Nyeri,58.3268686215303,91.17853445046644,,59.26464646464646,,,,,54.949713684807314,
Kenya,Eldoret,59.00936270153596,85.8931694398414,,61.13407761828814,,,,,55.9591159310528,
Kenya,Isiolo,61.43551927077013,92.11394033803401,,29.771398192450828,,,,,55.65328217616247,
Kenya,Narok,57.81161425393522,90.82840482310398,,60.2843168527379,,,,,58.31206716811763,
Kenya,Kakamega,61.74291883577186,82.50550407797896,,57.280170122275386,,,,,53.607613802695624,
Kenya,Kilifi,60.247726239319505,85.136807417877,,55.91143009037746,,,,,55.950608003122085,
Kenya,Mombasa,59.572797899624206,84.92837077505898,,64.20489101541733,,,,,55.10809273913836,
Kenya,Nakuru,63.298637354707225,84.87255898138024,,57.34683678894205,,,,,53.79867764476333,
Kenya,Garissa,57.80126212499394,86.42285017005698,,54.61329080276448,,,,,58.40039394841764,
Kenya,Kisumu,67.24077166158561,74.41924647952071,,57.15021112498771,,,,,,
Kenya,Thika,71.37265348889605,75.20350041923916,,55.021908453742775,,,,,,
Kenya,Machakos,71.30045455199999,72.41661569637323,,54.585577264567206,,,,,,
Kenya,Isiolo,68.31344158118415,78.51344300684102,,37.7490925360733,,,,,,
Kenya,Mombasa,69.19265417898012,77.71963827729432,,58.89906058159713,,,,,,
Kenya,Malaba,67.7395671552077,82.5930185413928,,57.86697984391276,,,,,,
Kenya,Eldoret,68.61338853634433,77.04271428126843,,58.099814428854025,,,,,,
Kenya,Narok,68.78789173792964,72.01679579699108,,56.69561497171088,,,,,,
Kenya,Nyeri,68.51972425803001,76.56173818782817,,57.788169657683085,,,,,,
Kenya,Nairobi,71.99605566235932,72.14907431021582,,54.08250216928329,,,,,,
Kenya,Kakamega,68.61338853634433,73.27021800393717,,54.36554240926495,,,,,,
Kenya,Thika,83.6360558054661,65.15520093227123,,53.72564652914996,,,,,,
Kenya,Kisumu,82.26379992268691,73.99114664929736,,55.9703890992457,,,,,,
Kenya,Isiolo,82.44475420881932,73.57489925236594,,41.78302526889765,,,,,,
Kenya,Machakos,83.41252404024372,69.48180518214208,,53.33475863145031,,,,,,
Kenya,Malaba,82.25959132955408,76.02211894335956,,56.76405260030691,,,,,,
Kenya,Eldoret,83.73296872517197,70.67633203247179,,56.92732689828876,,,,,,
Kenya,Mombasa,82.91335225268992,70.50985585899053,,57.71395478097191,,,,,,
Kenya,Narok,81.92095290646026,70.66378108272859,,55.40812386271028,,,,,,
Kenya,Nyeri,82.26157273918007,74.02905166880244,,56.45696103962115,,,,,,
Kenya,Nairobi,82.76210389236815,59.334247306501446,,54.580932089615004,,,,,,
Kenya,Kakamega,81.56548011083511,68.46478552020501,,52.86439277278271,,,,,,
Kosovo,Pristina,61.69957126845263,31.165170065248997,,74.20446461338149,,,,,35.56030905972816,
Kosovo,Prizren,66.3554066003982,48.457936709295346,,76.58973370841062,,,,,35.56030905972816,
Malaysia,Kuala Lumpur,,89.83147168677759,,74.59695242698056,,,,,,
Malaysia,Johor Bahru,,67.3875721482038,,67.1303360423726,,,,,,
Malaysia,Kuantan,,68.4934215884111,,64.98683237966196,,,,,,
Malaysia,George Town,,59.22298382326977,,65.84910795365819,,,,,,
Malaysia,Kota Kinabalu,,55.55869289928429,,56.3334608153747,,,,,,
Malaysia,Kuching,,53.42786308335428,,32.2717032472844,,,,,,
Malaysia,Penang-port,,,,,,,,,,
Malaysia,Johor -port,,,,,,,,,,
Malaysia,port Klang-port,,,,,,,,,,
Malaysia,Kuantan-port,,,,,,,,,,
Mexico,Aguascalientes,84.38737555153703,,,79.65625009416895,,,,,,
Mexico,Tijuana,73.23459572310853,,,63.579904668604534,,,,,,
Mexico,La Paz,77.12849865097144,,,59.86061752026251,,,,,,
Mexico,Campeche,78.47545979523699,,,79.45994596520694,,,,,,
Mexico,Tuxtla Gutiérrez,77.4139670567628,,,75.29826327100083,,,,,,
Mexico,Ciudad Juárez,76.79894693852323,,,72.69403150659939,,,,,,
Mexico,Torreón,77.86544879703641,,,71.62243494797487,,,,,,
Mexico,Colima,69.45135107149582,,,74.57814453916176,,,,,,
Mexico,Durango,75.67720860108966,,,59.24633055207869,,,,,,
Mexico,Tlalnepantla de Baz,73.12736032576173,,,61.14173312375789,,,,,,
Mexico,Celaya,84.8581012751124,,,76.44503245492517,,,,,,
Mexico,Acapulco,69.10824361078994,,,60.44333390567829,,,,,,
Mexico,Pachuca de Soto,75.35273691067619,,,76.00961252234084,,,,,,
Mexico,Guadalajara,76.61956345404543,,,55.327978307123566,,,,,,
Mexico,Morelia,84.31988711982291,,,68.43210421802189,,,,,,
Mexico,Cuernavaca,75.02554732718117,,,66.09414954469707,,,,,,
Mexico,Tepic,72.98692073081651,,,68.46313689443343,,,,,,
Mexico,Oaxaca de Juárez,74.40938331362696,,,69.78665556468768,,,,,,
Mexico,Puebla,75.7046562990717,,,64.23530527877757,,,,,,
Mexico,Querétaro,82.69930233847428,,,69.71842223595127,,,,,,
Mexico,Cancún (Benito Juárez),68.63964658529348,,,41.175907504451125,,,,,,
Mexico,San Luis Potosí,82.38171454785754,,,73.81630898249743,,,,,,
Mexico,Culiacán,78.55020218126424,,,71.56732045353671,,,,,,
Mexico,Hermosillo,77.46349336310743,,,72.25699405350134,,,,,,
Mexico,Villahermosa (Centro),76.45215221774644,,,71.49362059762967,,,,,,
Mexico,Matamoros,78.02326696804371,,,58.737573086495225,,,,,,
Mexico,Tlaxcala,75.5167850218639,,,73.38619012717032,,,,,,
Mexico,Veracruz,72.95129507833283,,,78.71819397226871,,,,,,
Mexico,Mérida,76.8165298354892,,,64.60052524636927,,,,,,
Mexico,Zacatecas,78.73339256277019,,,76.26909811652136,,,,,,
Mexico,Culiacán,83.92718027379264,87.07049566019971,,73.47727223855124,,,,,,
Mexico,Aguascalientes,82.9551090023254,88.31357234132116,,84.62808880797469,,,,,,
Mexico,Durango,78.56964558120332,88.22081077615364,,58.5650997494686,,,,,,
Mexico,Colima,71.90816928262478,86.52356089482237,,73.65293288708072,,,,,,
Mexico,Tlalnepantla de Baz,78.75398984249847,76.3043166556575,,63.97458312135601,,,,,,
Mexico,Cancún (Benito Juárez),75.11141433866608,84.54908735024289,,49.16470040644972,,,,,,
Mexico,San Luis Potosí,82.70776598749012,81.24178518505524,,75.0732205346457,,,,,,
Mexico,Hermosillo,79.49187093508753,81.38693222570659,,72.1928660956115,,,,,,
Mexico,Tuxtla Gutiérrez,83.3296500068974,82.50039375043598,,79.2725660028325,,,,,,
Mexico,Torreón,83.49773966581047,79.65491089653828,,69.5082583157734,,,,,,
Mexico,Guadalajara,78.56956412350678,75.16855022215361,,59.08233787568687,,,,,,
Mexico,Matamoros,79.36382214032051,83.91115776229691,,61.1678349506325,,,,,,
Mexico,Tepic,78.46799495633434,79.77669059576347,,68.29243274679241,,,,,,
Mexico,Querétaro,82.46938603878678,78.50346977815842,,71.76139560974691,,,,,,
Mexico,Villahermosa (Centro),81.96248023378976,81.42399331777236,,71.63224534562016,,,,,,
Mexico,Veracruz,78.06940305440936,75.79068652213336,,79.32551945029729,,,,,,
Mexico,La Paz,82.27257132260702,75.78649449824303,,68.87084778907312,,,,,,
Mexico,Pachuca de Soto,79.1307834274922,73.56483095094886,,73.9646861735962,,,,,,
Mexico,Zacatecas,80.70724648147656,78.44915402860751,,75.45362538487007,,,,,,
Mexico,Acapulco,74.56693348167639,65.72859468520919,,60.621718427898564,,,,,,
Mexico,Oaxaca de Juárez,78.77717962514697,62.55595945013996,,70.81165639306083,,,,,,
Mexico,Puebla,84.92142976183997,74.78847604476825,,69.58296156395112,,,,,,
Mexico,Tlaxcala,79.74908850084336,77.92148459583848,,69.12110418396841,,,,,,
Mexico,Mérida,80.95207384179938,74.56169921121703,,64.70420546450566,,,,,,
Mexico,Tijuana,78.98015024005446,75.40487864192055,,63.07175965405012,,,,,,
Mexico,Celaya,85.01283501401797,77.29770744733959,,76.62107690439184,,,,,,
Mexico,Morelia,84.37671982466314,69.65969801888785,,71.95240588515732,,,,,,
Mexico,Cuernavaca,83.669688696867,70.86884225364803,,64.69698703030615,,,,,,
Mexico,Campeche,82.18813559461832,71.88812510615334,,78.40322209769532,,,,,,
Mexico,Ciudad Juárez,81.63802236076137,72.0226755720562,,78.23969428858591,,,,,,
Mexico,Colima,85.81413598031635,93.04856817469393,,82.0625276833601,,,,,,
Mexico,San Luis Potosí,85.57472972628392,88.29679955975287,,75.726672229572,,,,,,
Mexico,Hermosillo,84.59395384774625,88.42651015392573,,73.32011573193348,,,,,,
Mexico,Culiacán,86.24580856784931,87.38342426306231,,74.29246352811327,,,,,,
Mexico,Aguascalientes,84.99104151195417,88.64762434524714,,83.25553167105672,,,,,,
Mexico,Tuxtla Gutiérrez,84.29347347101051,87.65332539258333,,79.33036511514096,,,,,,
Mexico,Durango,82.54274177218898,88.69023764242222,,59.29664736455717,,,,,,
Mexico,Cancún (Benito Juárez),74.39586474364972,84.93117253855138,,55.00733176250689,,,,,,
Mexico,Torreón,84.10041951992889,79.54609707867571,,71.07428099442245,,,,,,
Mexico,Guadalajara,85.02096062949792,76.7722240176317,,66.17742547959215,,,,,,
Mexico,Matamoros,83.17707778669244,84.21277900073864,,65.60265898840014,,,,,,
Mexico,Veracruz,85.83598362751356,78.16646197356093,,79.58978712645262,,,,,,
Mexico,Tepic,84.0151442237536,80.46025979272478,,68.25657482768229,,,,,,
Mexico,Puebla,85.40187153045642,77.51421420213266,,71.7445793426412,,,,,,
Mexico,Querétaro,84.82185793671263,79.74679548704279,,74.2959227144172,,,,,,
Mexico,Villahermosa (Centro),83.44122141983138,82.03529894630834,,73.89129281003865,,,,,,
Mexico,Mérida,86.09161885589252,78.84742625874937,,64.62931871131559,,,,,,
Mexico,La Paz,84.42122389870832,76.23170107901895,,73.00076013269712,,,,,,
Mexico,Tlalnepantla de Baz,85.8514973293038,77.53749416902497,,69.83038233995968,,,,,,
Mexico,Acapulco,81.63618512012317,68.17867469656237,,60.592117682430064,,,,,,
Mexico,Pachuca de Soto,85.22193437012605,74.03187063476737,,75.57848156948346,,,,,,
Mexico,Tlaxcala,83.07180283582531,79.31225124562354,,74.00655497097661,,,,,,
Mexico,Zacatecas,82.48553781119995,78.77864600923233,,75.74790978617334,,,,,,
Mexico,Celaya,86.25705380455108,81.21675657368755,,76.92258766647895,,,,,,
Mexico,Morelia,85.80542029470926,77.17191863842159,,75.87962050308082,,,,,,
Mexico,Oaxaca de Juárez,84.59274206051786,65.50659375857731,,67.51320212822982,,,,,,
Mexico,Tijuana,81.66009690831334,75.61775275037849,,65.24430857119104,,,,,,
Mexico,Cuernavaca,85.87465269419319,71.39619700620203,,65.04658265386827,,,,,,
Mexico,Ciudad Juárez,82.45581049822314,70.49966766706751,,77.40735482103186,,,,,,
Mexico,Campeche,83.15254878331524,70.99155640132817,,79.3558263681715,,,,,,
Mexico,Colima,88.31148606566775,93.22048569014275,,85.8226797062008,,,,,,
Mexico,Aguascalientes,87.07879511538486,90.03829471956527,,83.56228055788999,,,,,,
Mexico,Veracruz,86.14215168104126,86.28582610667036,,79.58896894329986,,,,,,
Mexico,Acapulco,87.42514862248274,74.53427172747944,,63.60754436946922,,,,,,
Mexico,Tlalnepantla de Baz,87.03437438362666,85.92481974726849,,74.23211012460423,,,,,,
Mexico,Culiacán,85.73746497649003,92.48114064911209,,74.25967382082582,,,,,,
Mexico,San Luis Potosí,87.69701554505629,90.50276191507487,,76.91416296454534,,,,,,
Mexico,Durango,83.2417275048787,90.02586596500278,,62.52269142927812,,,,,,
Mexico,Tuxtla Gutiérrez,83.33929531605435,87.59905005344348,,75.3157228075587,,,,,,
Mexico,Ciudad de México,86.67657285362952,67.17994791739119,,56.63220536777658,,,,,,
Mexico,Torreón,84.53821851485172,79.4266384194877,,71.86631260682411,,,,,,
Mexico,Puebla,86.3588429677863,82.22528735919894,,75.32255161081804,,,,,,
Mexico,Matamoros,85.98563398638547,84.50645631596257,,65.91910472531028,,,,,,
Mexico,La Paz,85.12366678394014,78.43414707482818,,69.42223848167707,,,,,,
Mexico,Guadalajara,85.6762098312642,75.23759854283948,,68.61172252997932,,,,,,
Mexico,Mérida,88.23576072705639,78.79412945882474,,65.42585023520013,,,,,,
Mexico,Oaxaca de Juárez,88.15214422035604,67.01034086114217,,69.70722017935866,,,,,,
Mexico,Tlaxcala,88.28091333580726,79.63615629214638,,74.07734952359488,,,,,,
Mexico,Campeche,85.12344319786274,75.4446786519722,,77.1053018328456,,,,,,
Mexico,Celaya,88.54668696899019,81.64764495139026,,77.07518061290874,,,,,,
Mexico,Morelia,86.43381051443382,76.80535457481581,,76.04087735394695,,,,,,
Mexico,Cuernavaca,86.55660562591918,73.93309367566575,,65.35749955434066,,,,,,
Mexico,Ciudad Juárez,83.37890478520077,70.31743163896873,,77.43879886563015,,,,,,
Mexico,Cancún (Benito Juárez),75.07051709909565,84.85839155199251,,57.08745870498237,,,,,,
Mexico,Pachuca de Soto,83.50453400849804,81.78206559747422,,76.85282374998474,,,,,,
Mexico,Tepic,84.69522420598462,80.03921411523918,,71.813025664368,,,,,,
Mexico,Villahermosa (Centro),84.12822707427637,82.02816561768135,,73.88722117714234,,,,,,
Mexico,Hermosillo,85.64766877996287,91.63260388100302,,73.278155115849,,,,,,
Mexico,Monterrey,87.77394357607685,76.65402664849141,,74.79081217663561,,,,,,
Mexico,Querétaro,86.79641201217888,79.65667871354978,,77.62532263663388,,,,,,
Mexico,Tijuana,81.08276814214136,75.57764206559507,,64.72348899969089,,,,,,
Mexico,Zacatecas,85.03021221081504,78.73971617006005,,75.73061905199991,,,,,,
Mexico,Colima,86.36472019034944,93.04582929210305,,80.34515445451238,,,,,,
Mexico,Aguascalientes,85.66164509592059,89.88793459061678,,79.63292729543477,,,,,,
Mexico,Veracruz,85.88203093402028,87.25070549125012,,79.63463664817559,,,,,,
Mexico,Acapulco,85.03612982736826,73.26939606845959,,63.44379119818236,,,,,,
Mexico,Tlalnepantla de Baz,86.26485224957916,88.57026698858539,,76.89176582340879,,,,,,
Mexico,Culiacán,86.7894690679183,92.84661687950073,,74.02449210134337,,,,,,
Mexico,Puebla,86.84014795123882,90.79039841144883,,79.24705475445465,,,,,,
Mexico,San Luis Potosí,86.24170718259212,88.83106122447661,,77.9820888478381,,,,,,
Mexico,Durango,84.28422901991243,89.91167472418158,,71.02878899098367,,,,,,
Mexico,Guadalajara,85.67880752159998,84.08932492283357,,70.40409338308132,,,,,,
Mexico,Tuxtla Gutiérrez,80.94256066730367,87.17865408359607,,74.96811665526975,,,,,,
Mexico,Ciudad de México,85.16903801660429,64.37720564612816,,60.99527019377533,,,,,,
Mexico,Celaya,86.47324385275705,86.23164642185367,,77.55735680402158,,,,,,
Mexico,Matamoros,86.01622442608551,84.37700866968807,,75.53075875915387,,,,,,
Mexico,Tlaxcala,86.59011286212213,82.57206644883657,,73.39993787815256,,,,,,
Mexico,Mérida,86.78271553532605,80.90265957699225,,65.24418963761575,,,,,,
Mexico,La Paz,83.66960190131059,78.31047096187895,,69.59477378246629,,,,,,
Mexico,Torreón,84.2822975997034,78.4887095408116,,72.3586449214497,,,,,,
Mexico,Oaxaca de Juárez,83.0423502758387,67.0191022878801,,67.21286891581927,,,,,,
Mexico,Campeche,84.75233126131229,74.40039230574268,,77.09825510647654,,,,,,
Mexico,Morelia,86.21813679727049,76.6708237235677,,73.132898222128,,,,,,
Mexico,Cuernavaca,86.4758344256105,73.88198522346741,,69.23592635571573,,,,,,
Mexico,Ciudad Juárez,80.80389020688611,70.30043518442542,,77.49195486798678,,,,,,
Mexico,Cancún (Benito Juárez),75.0721605064937,83.67519546767825,,59.58863742377388,,,,,,
Mexico,Pachuca de Soto,81.34438278921245,81.5891859721408,,75.37204968392324,,,,,,
Mexico,Tepic,84.66659937144377,80.23288901496021,,71.68749981435398,,,,,,
Mexico,Villahermosa (Centro),84.15992584463649,81.88672760410526,,75.7645605098732,,,,,,
Mexico,Hermosillo,85.61488599809444,90.62140542683171,,75.8981386946591,,,,,,
Mexico,Monterrey,87.81452359168676,76.67204208078033,,74.78973917603254,,,,,,
Mexico,Querétaro,86.74638872403044,77.72722321106029,,77.60364124758753,,,,,,
Mexico,Tijuana,82.84272968514648,75.33733658411676,,64.64568340088356,,,,,,
Mexico,Zacatecas,84.93024283542768,78.63941566004182,,71.93689925020055,,,,,,
Moldova,Balti,85.70794787114278,59.9763475331552,,86.2685065192839,,,,,73.36348739922312,
Moldova,Chisinau,85.2054353083287,43.06081949109697,,86.2685065192839,,,,,75.09069979529592,
Montenegro,Pljevlja,89.10255728311573,41.49471661863593,,76.56256388189844,,,,,54.034677300185706,
Montenegro,Niksic,89.09990705661829,44.81767642661978,,74.01072975111693,,,,,48.319781323748664,
Montenegro,Podgorica,88.56029132284009,27.888568683957732,,65.23289375666927,,,,,49.62378762120782,
Mozambique,Pemba,67.31632072534003,,,61.17462245956454,,,,,,
Mozambique,Xai-Xai,66.65445349146302,,,64.70159016535126,,,,,,
Mozambique,Inhambane,61.06588234477147,,,65.2534060210824,,,,,,
Mozambique,Chimoio,60.37510533308046,,,63.69555104043858,,,,,,
Mozambique,Maputo,67.55817278005381,,,62.25951746615406,,,,,,
Mozambique,Maputo-port,,,,,,,,,,
Mozambique,Nampula,59.011058322277734,,,59.56171524188966,,,,,,
Mozambique,Lichinga,61.331675202916216,,,64.45595785521317,,,,,,
Mozambique,Beira,59.04426595261903,,,56.58167140213978,,,,,,
Mozambique,Beira-port,,,,,,,,,,
Mozambique,Tete,66.15507474015195,,,59.03727862453133,,,,,,
Mozambique,Quelimane,59.77380716894393,,,65.62356817044866,,,,,,
Mozambique,Nacala-port,,,,,,,,,,
Mozambique,Ressano Garcia-port,,,,,,,,,,
Netherlands,Amsterdam ,91.50335189255998,67.00022131406541,82.17115769046053,75.01311228920787,,,,,,
Netherlands,Arnhem,91.70277554851988,65.58166841898513,78.9827518933591,75.08401926698563,,,,,,
Netherlands,Eindhoven,91.57195363021019,69.6259369023244,82.77504159345374,75.13129006698564,,,,,,
Netherlands,Enschede,91.70277554851988,61.448047818668925,76.97794014417838,75.08401926698563,,,,,,
Netherlands,Groningen,91.70277554851988,66.95515292541218,77.26779521664214,75.13129006698564,,,,,,
Netherlands,Maastricht,91.57195363021019,65.70933057608615,82.91996912968561,75.13129006698564,,,,,,
Netherlands,Middelburg,91.70277554851988,70.4095414712698,82.17293034518019,75.13129006698564,,,,,,
Netherlands,Rotterdam,91.50335189255998,68.87687240565067,78.98075601545253,75.01311228920787,,,,,,
Netherlands,The Hague,91.50335189255998,64.59487144009425,80.57495891400326,75.01311228920787,,,,,,
Netherlands,Utrecht,91.50335189255998,65.24789375826063,77.82133572559746,75.01311228920787,,,,,,
Nicaragua,León,62.888117116059405,85.24485563484632,,55.51706151345155,,,,,,
Nicaragua,Juigalpa,66.43304981178375,71.17064632187255,,57.02992268638266,,,,,,
Nicaragua,Managua,80.27125981217145,63.49985431489582,,57.58047534690754,,,,,,
Nicaragua,Puerto Corinto-port,,,,,,,,75.84390272340563,,
Nicaragua,Estelí,64.3696999319192,80.6125846156573,,63.45605513787215,,,,,,
Nigeria,Niger,70.49600687625286,84.34095865524783,,29.545454545454543,,,,,,
Nigeria,Lagos,71.31338323731048,50.92998792764029,,21.21212121212121,,,,,,
Nigeria,Ogun,66.36215651546597,80.67215848486893,,17.543859649122805,,,,,,
Nigeria,Bauchi,69.10805774869914,90.11651707707942,,32.812394855892556,,,,,,
Nigeria,Jigawa,68.93369144205518,92.21758138211248,,43.80637769701621,,,,,,
Nigeria,Akwa Ibom,69.56669812596442,81.29656728450249,,27.49867091972355,,,,,,
Nigeria,Enugu,68.8562695096957,79.65217964337977,,32.98957623487078,,,,,,
Nigeria,Abia,69.25016987727638,78.67479086195476,,11.802232854864435,,,,,,
Nigeria,Borno,71.39366421151941,80.3103081423084,,32.21125314994749,,,,,,
Nigeria,Gombe,63.588169160209475,88.45478728920348,,47.744807146084476,,,,,,
Nigeria,Cross River,65.51365020099207,80.67634444917059,,22.328548644338117,,,,,,
Nigeria,Plateau,71.21980930918421,82.44860040723741,,33.91812865497076,,,,,,
Nigeria,FCT,80.77912804306288,75.56851246480603,,33.33464577363363,,,,,,
Nigeria,Kano,67.45789652737093,80.06682329222456,,44.12216520977887,,,,,,
Nigeria,Benue,70.78082340046137,85.67701231165734,,34.728020012041426,,,,,,
Nigeria,Kebbi,71.9660238364745,86.54507610226825,,20.01491667970635,,,,,,
Nigeria,Rivers,67.26206007224027,81.48486803204285,,3.894205209994683,,,,,,
Nigeria,Zamfara,69.82545891083541,84.03106544041712,,55.1118406076653,,,,,,
Nigeria,Ekiti,66.61063199984105,83.79055064420766,,27.49867091972355,,,,,,
Nigeria,Kaduna,70.67742659150966,78.68251553068633,,24.375164055037533,,,,,,
Nigeria,Kogi,71.47738599864104,86.6409460975367,,39.34077618288144,,,,,,
Nigeria,Adamawa,68.04705157901903,83.5895393488633,,25.869295952322773,,,,,,
Nigeria,Bayelsa,66.3939198425116,84.05798079527695,,25.97022860180755,,,,,,
Nigeria,Anambra,67.38799965176307,81.5563934681165,,0,,,,,,
Nigeria,Katsina,68.43691751622765,84.43753719501103,,38.56388171554645,,,,,,
Nigeria,Nasarawa,70.92640560213052,78.88220023943204,,24.977327881230025,,,,,,
Nigeria,Ondo,64.98572397936138,80.92048895845018,,23.923444976076553,,,,,,
Nigeria,Taraba,71.71886050579793,80.16622254140576,,38.41421583878381,,,,,,
Nigeria,Yobe,68.71473044529017,81.93427802863177,,41.135684180039526,,,,,,
Nigeria,Imo,66.2657029922026,75.05559332183373,,21.158958001063265,,,,,,
Nigeria,Ebonyi,66.71853436572685,73.92802219744037,,23.203238369292013,,,,,,
Nigeria,Kwara,69.44194264185579,87.51960732283858,,38.676236044657095,,,,,,
Nigeria,Sokoto,68.49135167212867,89.85840769387914,,22.554492291334395,,,,,,
Nigeria,Oyo,67.04206442046164,84.80512920741126,,23.444976076555022,,,,,,
Nigeria,Osun,66.974997326524,87.50013520928074,,21.757044125465175,,,,,,
Nigeria,Delta,66.27034845381712,77.90697593996333,,23.351940457203614,,,,,,
Nigeria,Edo,67.69987373194503,83.0363538781695,,22.807017543859647,,,,,,
Nigeria,Niger,73.07751987188941,73.726896976281,,37.861452537775016,,,,,,
Nigeria,Lagos,75.92967689819153,40.4956772334294,,16.586921850079744,,,,,,
Nigeria,Ogun,74.94151193668489,73.28005485147992,,20.640616693248273,,,,,,
Nigeria,Enugu,71.07467261983015,55.98847262247838,,33.36563796172101,,,,,,
Nigeria,Jigawa,72.01300183835912,78.52932470862821,,45.22625235019268,,,,,,
Nigeria,Akwa Ibom,71.16391198168338,68.63488811813674,,24.720893141945776,,,,,,
Nigeria,Bauchi,72.89956289354087,69.35738079803521,,33.785220627325884,,,,,,
Nigeria,Abia,66.86904707605582,66.95897048809375,,11.483253588516746,,,,,,
Nigeria,Borno,74.36916778758282,61.214342954905455,,34.421156890897116,,,,,,
Nigeria,Cross River,70.98497166208267,77.88876049830655,,28.615098351940457,,,,,,
Nigeria,Gombe,73.246278194746,69.9213193464996,,47.79458445295518,,,,,,
Nigeria,Kano,68.47192651453537,78.03613072962584,,41.372154311544115,,,,,,
Nigeria,Plateau,70.14806584419246,66.22239535752438,,30.980861244019138,,,,,,
Nigeria,FCT,82.46808674133244,50.841868847722196,,33.68502018327478,,,,,,
Nigeria,Benue,72.97732355411439,67.35360880631977,,34.68578250367995,,,,,,
Nigeria,Ekiti,70.36443795041819,72.17485551727465,,27.49867091972355,,,,,,
Nigeria,Kaduna,70.83720405928119,69.36536929662817,,21.141622660050484,,,,,,
Nigeria,Rivers,69.70291767538832,52.06147934678194,,18.407761828814458,,,,,,
Nigeria,Kebbi,73.30137813080471,70.70968815267658,,17.124949814056297,,,,,,
Nigeria,Zamfara,74.40708190768483,59.10864842271777,,55.14137606285936,,,,,,
Nigeria,Adamawa,70.45584832450635,74.13336814756927,,25.987547315576677,,,,,,
Nigeria,Bayelsa,69.98392041074644,72.01816709604292,,23.192450824029773,,,,,,
Nigeria,Ondo,66.77653609095478,72.68028917497872,,27.339181286549703,,,,,,
Nigeria,Anambra,71.18871989438867,73.0160591723464,,4.766250094460768,,,,,,
Nigeria,Kogi,71.56781117121228,66.0740088925963,,33.46624136097821,,,,,,
Nigeria,Katsina,74.08377208038127,73.02673990549434,,41.933347128652635,,,,,,
Nigeria,Taraba,72.66095431009803,69.11421602303047,,33.30675172780436,,,,,,
Nigeria,Imo,69.7855723155805,62.06386729443495,,21.318447634237106,,,,,,
Nigeria,Nasarawa,74.42414125179072,65.06348181591866,,28.369161203378496,,,,,,
Nigeria,Yobe,71.94742727985556,66.78313365698493,,41.300291551436196,,,,,,
Nigeria,Ebonyi,70.1115354885959,62.89917476031393,,24.027743586653756,,,,,,
Nigeria,Kwara,71.20929151689222,64.97544953201371,,32.801701222753856,,,,,,
Nigeria,Sokoto,69.91836495065705,81.80164907829845,,22.713981924508243,,,,,,
Nigeria,Osun,69.00651322517714,80.95034277852075,,21.757044125465175,,,,,,
Nigeria,Oyo,69.94736931756717,73.46072396603152,,23.923444976076553,,,,,,
Nigeria,Delta,72.15514938645345,69.6653754994169,,23.51143009037746,,,,,,
Nigeria,Edo,72.11932128190097,68.79678735494132,,22.807017543859647,,,,,,
Nigeria,Lagos,83.67000622814152,41.829010566762726,,28.08226272308758,,,,,,
Nigeria,Kano,79.73423325289218,81.40075864389769,,38.634509718297636,,,,,,
Nigeria,Niger,76.94376323716568,82.94080517546651,,35.31766017771981,,,,,,
Nigeria,Ogun,81.69008310412337,75.25118096411468,,22.726880597677845,,,,,,
Nigeria,Enugu,81.70019227955719,65.9794854445005,,34.950877984673696,,,,,,
Nigeria,Jigawa,78.43386062126572,84.30870665809228,,42.383522282166815,,,,,,
Nigeria,Akwa Ibom,76.17048524413862,73.9643527355995,,24.720893141945776,,,,,,
Nigeria,Bauchi,76.05827724229223,77.68468536295408,,33.785220627325884,,,,,,
Nigeria,Abia,77.09903381600841,75.8440117970352,,15.776182881446038,,,,,,
Nigeria,Borno,77.6629000995647,74.64052050749888,,34.63849416146538,,,,,,
Nigeria,Cross River,74.45095819876349,78.61098327663153,,0,,,,,,
Nigeria,Plateau,75.47684056632572,64.94402841099448,,28.203083466241356,,,,,,
Nigeria,Gombe,75.36640455428197,76.35635930239403,,39.597504606341005,,,,,,
Nigeria,FCT,85.61104114261585,67.77911979809018,,34.154720930816346,,,,,,
Nigeria,Benue,75.90777169416961,75.8181814393398,,35.272198038612345,,,,,,
Nigeria,Ekiti,75.58209615419406,80.79021231134932,,27.49867091972355,,,,,,
Nigeria,Kaduna,81.4294268493442,76.61713994264711,,52.6263145828352,,,,,,
Nigeria,Rivers,79.47254835051811,52.06147934678194,,18.407761828814458,,,,,,
Nigeria,Kebbi,76.38272322793378,77.60618589701465,,14.451781127436817,,,,,,
Nigeria,Zamfara,77.10965179444061,58.79035471955833,,44.85101229917277,,,,,,
Nigeria,Adamawa,71.96498703554519,80.3994937721299,,25.795875650830283,,,,,,
Nigeria,Bayelsa,75.35401458604714,79.46211258826281,,25.744284954811267,,,,,,
Nigeria,Ondo,71.03617828753924,80.74754104264441,,25.039872408293462,,,,,,
Nigeria,Anambra,76.69250695575863,75.79238930249154,,20.768236376403355,,,,,,
Nigeria,Kogi,75.20607513611276,75.34875756768292,,33.46624136097821,,,,,,
Nigeria,Katsina,80.13967219614996,80.2507536781395,,42.13796532701641,,,,,,
Nigeria,Taraba,77.90855206012185,76.29131615837848,,33.30675172780436,,,,,,
Nigeria,Imo,73.15856662870999,74.37642655270791,,21.318447634237106,,,,,,
Nigeria,Nasarawa,78.35164965858941,63.71537469507504,,28.721436764034635,,,,,,
Nigeria,Yobe,78.04514293006395,73.3368875735609,,36.009043341203046,,,,,,
Nigeria,Ebonyi,74.35594187439703,66.80798690929119,,24.52951757211544,,,,,,
Nigeria,Kwara,74.83875593094001,73.46197467692642,,29.864433811802233,,,,,,
Nigeria,Sokoto,73.80206622748042,83.0470929022818,,22.713981924508243,,,,,,
Nigeria,Osun,72.4754806599322,79.19635945162224,,21.91653375863902,,,,,,
Nigeria,Oyo,76.75676881109442,69.57888054149635,,23.923444976076553,,,,,,
Nigeria,Delta,77.45664515154971,73.07745203025674,,28.455608718766612,,,,,,
Nigeria,Edo,74.68978783341069,77.65453462714959,,22.647527910685806,,,,,,
North Macedonia,Skopje,96.11856981954081,46.778097982708935,,72.8383741807796,,,,,64.12927892210196,
North Macedonia,Tetovo,92.6684441392762,41.07204610951009,,75.28221185328573,,,,,70.36624679956005,
North Macedonia,Bitola,92.68131743300083,38.80115273775216,,78.67040010430418,,,,,69.24966510204358,
Pakistan,Faisalabad,80.72343190941373,83.20782236136449,,62.99782485869367,,,46.73366546666907,,45.978244535040396,
Pakistan,Lahore,79.96966306519263,83.22118069340517,,63.566878077195895,,,46.73366546666907,,39.20093230233251,
Pakistan,Multan,78.60892390608156,83.27975775569028,,61.743586798090455,,,46.73366546666907,,30.764504670041486,
Pakistan,Gujranwala,77.79315576937968,82.95593486904667,,61.97198174545746,,,46.73366546666907,,38.264559166739446,
Pakistan,Islamabad,81.22594447222781,67.9785451864163,,64.42259891504668,,,55.97286622016143,,26.202314512804715,
Pakistan,Rawalpindi,79.08043682265524,82.93504025662581,,61.743586798090455,,,46.73366546666907,,28.67229007563991,
Pakistan,Sukkur,78.1064113432675,82.68490523322674,,58.11108214780082,,,46.65555817803969,,39.54879591959876,
Pakistan,Karachi,79.96966306519263,59.93236423417389,,57.744876572047495,,,46.65555817803969,,40.64229932324034,
Pakistan,Sheikhupura,78.56242443672097,80.18084041916931,,62.165924035727876,,,46.73366546666907,,34.45943140743055,
Pakistan,Hyderabad,77.87391399646461,64.82061625004339,,57.72319756725997,,,46.65555817803969,,29.312312988586427,
Pakistan,Peshawar,79.96966306519263,81.19570118771696,,59.55480982243523,,,46.694618012434056,,31.251970268812887,
Pakistan,Quetta,78.60892390608156,73.74858921527061,,53.46034479489782,,,46.874134156691134,,27.47436058447671,
Pakistan,Sialkot,78.08642072007117,74.77239746332735,,62.99782485869367,,,46.73366546666907,,27.1704803977316,
Pakistan,Faisalabad-port,,,,,,,,67.56061310011192,,
Pakistan,Gujranwala-port,,,,,,,,66.49018051165929,,
Pakistan,Hyderabad-port,,,,,,,,68.42791844314065,,
Pakistan,Islamabad-port,,,,,,,,66.59619832092987,,
Pakistan,Karachi-port,,,,,,,,68.37370819643864,,
Pakistan,Lahore-port,,,,,,,,65.625876018738,,
Pakistan,Multan-port,,,,,,,,67.03069227332774,,
Pakistan,Peshawar-port,,,,,,,,67.14945139981349,,
Pakistan,Quetta-port,,,,,,,,67.15140071790104,,
Pakistan,Rawalpindi-port,,,,,,,,66.23751140897015,,
Pakistan,Sheikhupura-port,,,,,,,,66.87257629017172,,
Pakistan,Sialkot-port,,,,,,,,67.20052300196848,,
Pakistan,Sukkur-port,,,,,,,,68.31043594413252,,
Panama,Panamá,91.93293236413257,75.96786467914596,,74.65296608572298,,,,,,
Panama,Manzanillo-port,,,,,,,,91.24919711886916,,
Peru,Arequipa,81.13154524815361,68.34980082908827,,73.97378706965905,,,,,,
Peru,Callao,74.93225473663446,67.31546537666587,,77.92945414133514,,,,,,
Peru,Chachapoyas,73.12643333076602,64.86194110594597,,75.72087980943684,,,,,,
Peru,Chiclayo,70.69202702450292,67.1343017890653,,74.72542314133158,,,,,,
Peru,Cusco,73.10061012293811,64.50296886462895,,77.00400273428643,,,,,,
Peru,Huancayo,72.75706460435333,61.68663762224056,,76.29542080467927,,,,,,
Peru,Huaraz,79.99278984639506,61.126559708183244,,76.41686235045894,,,,,,
Peru,Ica,74.93981301828182,63.15198048202378,,76.01335027950843,,,,,,
Peru,Lima,82.1281618175633,67.81274540645425,,76.14694660998276,,,,,,
Peru,Piura,76.07244387758556,67.74098999889009,,75.22878715400955,,,,,,
Peru,Tarapoto,70.91383408626685,70.57397736610699,,75.51573636210985,,,,,,
Peru,Trujillo,71.53857039353508,68.42046657410059,,78.7617239167875,,,,,,
Poland,Bydgoszcz,85.78985518850737,69.83658333390368,,82.14090444141019,,,,,72.69101095969562,
Poland,Rzeszów ,84.03106121865812,67.27189554248186,,80.37574389562621,,,,,71.57079238046065,
Poland,Szczecin ,82.77477981162295,65.98303081237808,,80.81676074761587,,,,,71.08452119714543,
Poland,Warsaw ,85.78985518850737,62.96746835788218,,80.29865352491184,,,,,64.82624610448283,
Poland,Wroclaw ,86.29236775132145,66.64873837070219,,77.46857158879048,,,,,68.62406031213311,
Poland,Bialystok ,86.7948803141355,63.40871218196977,,82.61937334093172,,,,,73.69496333450121,
Poland,Lódz ,85.78985518850737,66.34740372569429,,80.65727111444203,,,,,68.9757479085606,
Poland,Poznan ,89.12865701527376,62.312821593129456,,81.49326446566845,,,,,71.64055824989089,
Poland,Torun ,85.4443778015727,67.04318350325637,,80.77930870008402,,,,,72.96976709878477,
Poland,Katowice ,85.78985518850737,63.42775688186708,,79.34357406017182,,,,,70.48662462274181,
Poland,Kraków ,86.0411114699144,60.74049502007304,,79.53895443283031,,,,,71.43534824540374,
Poland,Lublin ,86.0411114699144,65.92494541823076,,78.38554312330344,,,,,68.67258908210243,
Poland,Zielona Góra ,84.5335737814722,64.64277815719738,,82.53478780282161,,,,,71.23072218431712,
Poland,Gdansk ,87.79990543976365,61.97138889544298,,79.41864929920165,,,,,63.8940880340777,
Poland,Gorzów Wielkopolski,84.5335737814722,60.85027215283276,,80.02040571957197,,,,,73.783907134559,
Poland,Kielce,84.28231750006515,63.05864569654482,,79.3824471868766,,,,,71.11328809308672,
Poland,Olsztyn ,87.79990543976365,64.64955038554832,,81.02447700919329,,,,,76.11765230165902,
Poland,Opole ,86.7948803141355,66.31374996004456,,79.42848753962953,,,,,73.05493063367078,
Portugal,Braga,90.8811359124166,64.33497844600765,76.36216480764782,83.52330806750035,,,,,,
Portugal,Coimbra,90.8811359124166,63.46813063883584,87.48425399677892,83.20432880115267,,,,,,
Portugal,Evora,90.8811359124166,73.5933870583599,83.08811873107844,83.36381843432652,,,,,,
Portugal,Faro,90.8811359124166,73.44482368673494,75.93836027697215,83.6827977006742,,,,,,
Portugal,Funchal,90.8811359124166,72.65802292074899,84.11059089280563,83.6827977006742,,,,,,
Portugal,Lisbon,90.8811359124166,73.02209066248756,81.92869844122335,82.24739100210961,,,,,,
Portugal,Ponta Delgada,90.8811359124166,73.6715860552978,88.48850379687497,83.6827977006742,,,,,,
Portugal,Porto,90.8811359124166,74.28194218736311,76.95258093601598,82.5663702684573,,,,,,
Romania,Bucharest,89.53214203238528,48.570400056998984,41.80899473512621,80.64121610657234,,,,,,
Romania,Constanta,87.522091781129,36.791049127513965,36.24350167520961,80.63906408903387,,,,,,
Romania,Craiova,86.26581037409383,52.85907642866917,41.51975535912255,80.64248199924204,,,,,,
Romania,Oradea,89.53214203238528,48.229706567112466,38.563382999885576,80.63931726756779,,,,,,
Romania,Brasov,88.77837318816418,46.1500709508131,41.08102814966855,80.64248199924204,,,,,,
Romania,Iasi,88.2758606253501,45.792817425241616,47.84959345142977,80.63995021390265,,,,,,
Romania,Cluj Napoca,88.77837318816418,43.53896344754768,38.05011504566858,80.64197564217416,,,,,,
Romania,Ploiesti,89.53214203238528,43.6488561019411,37.96655359345207,80.62792423354051,,,,,,
Romania,Timisoara,89.53214203238528,36.33332145385844,33.08623209923231,80.64248199924204,,,,,,
Serbia,Uzice,82.97468632196961,29.425552353506248,,68.35820071027068,,,,,66.90820168955906,
Serbia,Vranje,82.72343004056258,35.692603266090295,,70.75054520787832,,,,,60.755901547924964,
Serbia,Zrenjanin,82.72343004056258,33.96349663784822,,68.99615924296604,,,,,70.04605017069709,
Serbia,Belgrade,86.65670911588043,16.972142170989432,,65.64687694631533,,,,,59.49327184162225,
Serbia,Krusevac,81.48330178465056,22.543707973102784,,68.35820071027068,,,,,57.258619258927276,
Slovak Republic,Bratislava,81.96539820244858,61.33220241591442,77.59300341176179,91.88935512135424,,,,,,
Slovak Republic,Kosice,83.72419217229783,63.21429688836159,80.39259212659839,93.32476181991883,,,,,,
Slovak Republic,Presov,84.72921729792596,66.09614126876505,81.69778758349513,91.88935512135424,,,,,,
Slovak Republic,Zilina,84.72921729792596,59.41806749885681,88.71012116421069,93.00578255357117,,,,,,
Slovak Republic,Trnava,83.97544845370486,64.08128302174293,77.59300341176179,93.64374108626653,,,,,,
Somaliland,Hargeisa,36.80526253897346,51.784822286263214,75.50606568890473,69.68375936831845,,,42.28318736046711,,48.19242985594704,
Somaliland,Hargeisa-port,,,,,,,,64.83411833023128,,
South Africa,Cape Town,78.66738552841264,74.92386601179845,80.36158464594638,59.15256230401773,,,,,,
South Africa,Ekurhuleni,81.17994834248299,69.09325446715324,69.80594281296493,64.22729244773988,,,,,,
South Africa,eThekwini,78.66738552841264,71.56234284298112,76.68753712092195,62.04793262481806,,,,,,
South Africa,Msunduzi,78.66738552841264,70.75663874098784,63.38211773992231,59.48650093549052,,,,,,
South Africa,Johannesburg,81.17994834248299,63.969459902585896,55.74169985525126,65.82176680218167,,,,,,
South Africa,Mangaung,78.66738552841264,68.0753598181773,83.45930118661623,58.41296285930948,,,,,,
South Africa,Nelson Mandela Bay,78.66738552841264,68.12912037874169,47.58131148870924,62.687797035520056,,,,,,
South Africa,Tshwane,81.17994834248299,61.39128093165116,68.32020633796616,64.63440267793912,,,,,,
South Africa,Buffalo City,78.66738552841264,71.28794033115351,79.29828910669717,62.84250777190382,,,,,,
South Africa,Cape Town-port,,,,,,,,69.88099745477162,,
South Africa,Durban-port,,,,,,,,71.05252416248341,,
South Africa,Ngqura-port,,,,,,,,70.4494471278581,,
South Africa,Port Elizabeth-port,,,,,,,,70.54299015441468,,
South Africa,Cape Town,,73.96727997441876,81.40719269766707,56.2539359424246,,,,,,
South Africa,Ekurhuleni,,69.07746083760992,69.45635254106624,61.31244531943532,,,,,,
South Africa,eThekwini,,71.52854278248257,75.86401840403995,56.109765729457315,,,,,,
South Africa,Msunduzi,,70.89459491515814,63.45397792606784,53.71001232742413,,,,,,
South Africa,Johannesburg,,64.21771045834767,75.0200150050414,62.906703064345834,,,,,,
South Africa,Mangaung,,68.3337983136487,79.76413593862327,62.979668718642245,,,,,,
South Africa,Nelson Mandela Bay,,68.92829113676417,56.25012159272085,60.578857079246575,,,,,,
South Africa,Tshwane,,61.66483969492098,68.32515366390875,62.51913862527575,,,,,,
South Africa,Buffalo City,,71.10683381837445,79.1949550801382,60.41587497166665,,,,,,
South Africa,Cape Town-port,,,,,,,,,,
South Africa,Durban-port,,,,,,,,,,
South Africa,Ngqura-port,,,,,,,,,,
South Africa,Port Elizabeth-port,,,,,,,,,,
Spain,Badajoz,83.42853571318756,74.7563066106637,61.314782727100976,64.5295930695911,,,,,,
Spain,Albacete,81.5070834164463,71.84200508747342,55.1661004432155,68.65938208974354,,,,,,
Spain,Las Palmas de Gran Canaria,82.08357561859695,73.5470705175061,48.140733927956404,71.99271542307689,,,,,,
Spain,Logroño,83.05165129107701,79.14983453649445,55.090417516525406,71.20058357831344,,,,,,
Spain,Valencia,83.55416385389107,74.12019796522488,62.88956275744994,63.89595837895141,,,,,,
Spain,Gijón,83.55416385389107,74.76862198013805,58.81217548702011,64.05544801212525,,,,,,
Spain,Murcia,81.68319950243514,62.067646297635804,53.634704615154135,68.34040282339585,,,,,,
Spain,Pamplona,77.23429005571217,68.57336023552898,67.6937628013026,73.10382653418799,,,,,,
Spain,Santander,85.84850508602665,67.2871072706235,57.339783871803355,65.60004876924025,,,,,,
Spain,Valladolid,81.19704324142207,72.45064619988703,57.34624543152389,64.9173096212575,,,,,,
Spain,Zaragoza,81.23245604237093,59.98168586598083,52.115257315717336,70.88160431196576,,,,,,
Spain,Madrid,86.25749315392729,63.35154977992219,63.92457992550363,73.5025506171226,,,,,,
Spain,Melilla,78.86491953939768,69.41907184944053,51.406706970031955,75.23832945816459,,,,,,
Spain,Sevilla,86.49534032447932,66.05514653469788,54.45305150501298,66.14293111549385,,,,,,
Spain,Bilbao,81.18594945189705,62.09179941956319,65.0825096099623,70.72211467879191,,,,,,
Spain,Palma de Mallorca,81.7900097279196,59.44377674253095,64.85733034541049,65.61968159721592,,,,,,
Spain,Barcelona,81.95300096902433,67.06373261270095,69.46486892793439,64.37442727847294,,,,,,
Spain,Ceuta,77.93784697538088,66.6541085515453,45.54328620144647,75.55730872451228,,,,,,
Spain,Vigo,80.81344851878328,49.84655271843252,54.45172355925886,63.257999846256034,,,,,,
Spain,Algeciras-port,,,,,,,,79.5656250950254,,
Spain,Barcelona-port,,,,,,,,78.88894310602642,,
Spain,Bilbao-port,,,,,,,,77.91927182064157,,
Spain,Valencia-port,,,,,,,,84.35686601606383,,
Spain,Vigo-port,,,,,,,,76.3435372368737,,
Sweden,Gävle,87.05111579403015,81.01489825322079,89.03814327369174,89.11271428583518,,,,,,
Sweden,Göteborg,87.05111579403015,79.48248785731245,83.99605193992711,89.11271428583518,,,,,,
Sweden,Jönköping,87.05111579403015,79.05536217357904,87.67239210583902,89.11271428583518,,,,,,
Sweden,Malmö,87.05111579403015,80.61727057718925,83.4413740211133,89.11271428583518,,,,,,
Sweden,Stockholm ,87.05111579403015,80.16938951423786,79.05798406714219,89.11271428583518,,,,,,
Sweden,Sundsvall,87.05111579403015,82.5968509102665,88.9486203979249,89.11271428583518,,,,,,
Sweden,Umeå,87.05111579403015,80.83234030093676,87.95749105534117,89.11271428583518,,,,,,
Sweden,Uppsala,87.05111579403015,81.22818368973522,82.1495423080832,89.11271428583518,,,,,,
Tanzania,Zanzibar Town,61.131077051000545,91.49339845622292,92.83083854026667,35.60606060606061,,,69.3843379701185,,67.0275667385839,
Tanzania,Zanzibar Town-port,,,,,,,,66.75912139929093,,
